{
  "id" : 256,
  "status" : "New",
  "summary" : "Marker above Marker",
  "labels" : [ "Type-Defect", "Priority-Medium" ],
  "stars" : 0,
  "commentCount" : 1,
  "comments" : [ {
    "id" : 0,
    "commenterId" : -7726788507432033761,
    "content" : "<b>What steps will reproduce the problem?</b>\n1. Marker overlapping other marker\r\n2. Click on Marker\r\n3. onClickListener Code for all Markers is executed.\r\n\r\n<b>What is the expected output? What do you see instead?</b>\nOnClick-Code for all Markers is executed.\r\nExpected: Possibility to catch Multiple-Marker Click.\r\n\r\n\r\n<b>What version of the product are you using? On what operating system?</b>\n\r\n\r\n<b>Please provide any additional information below.</b>\n\r\n",
    "timestamp" : 1314948939,
    "attachments" : [ ]
  } ]
}